Solute,Solvent,Temperature,Predicted_LogS,Explanation
CSCCC(NC(C)=O)C(=O)O,ClCCl,323.0,-0.483638731553821,"The model predicts a LogS of -0.4836 at 323 K, classifying the solute as highly soluble. Thermal factors represent the dominant driver category, providing a combined positive contribution of +0.27 from temperature and its inverse. Key molecular properties influencing this prediction include high topological complexity at +0.1406 and structural branching at +0.0749. These features suggest an intricate molecular shape that prevents stable crystal packing, thereby acting as significant catalysts for dissolution.

Solute-solvent dynamics are primarily governed by the interplay between conformational flexibility and topological polar surface area (TPSA), which carries the highest interaction weight of 0.3678. This indicates the model prioritizes the solute's ability to adapt its geometry via rotatable bonds to manage polar regions within the solvent. However, a functional mismatch occurs where the solute's hydrogen bond acidity of -0.0822 acts as a limiting factor. This negative contribution arises because the chlorinated solvent lacks effective hydrogen bond acceptor sites to stabilize the solute.

The dissolution mechanism is defined as a thermal override where high kinetic energy at 323 K surmounts the energy barriers created by polar functional groups. While the solute's polar surface area and hydrogen bonding potential typically inhibit solubility in non-aqueous environments, the sulfur-containing side chain (+0.0537) and overall structural complexity facilitate integration. The process is interaction-limited, as the negative lipophilicity contribution of -0.1843 highlights a critical balance between the aliphatic chain and the polar amide and acid groups. These specific molecular features collectively determine the solute's behavior within the organochloride solvent.

Prediction reliability is supported by a clear consensus on the role of temperature, although a standard deviation of 75.5 indicates moderate variability in the decision path. This uncertainty stems from conflicting signals between the solute's polar nature and the favorable thermal environment. The model's high sensitivity to lipophilicity suggests that the prediction relies heavily on the precise ratio of hydrophobic to hydrophilic moieties. Consequently, the internal tension reflects the challenge of balancing thermal gains against functional group mismatches."
NC(Cc1ccc([N+](=O)[O-])cc1[N+](=O)[O-])C(=O)O,ClCCCl,273.0,-3.599446987823595,"The model predicts a LogS of -3.5994 at 273.00 K, categorizing the solute as poorly soluble. Intrinsic solute properties constitute the dominant driver at 77.6% of the total signal. Dissolution is primarily restricted by a high polar surface area of 149.6 Å² and a lipophilicity (LogP 0.4574) that contributes -0.3493 to the final prediction.

Cross-attention mechanisms highlight a mismatch between solute hydrogen-bonding requirements and the solvent's electronic profile, focusing on solute hydrogen-bond acceptors versus solvent acceptor capacity (weight 0.3726) and solute flexibility versus solvent polar surface area (weight 0.3699). While the solvent's electronic surface area provides a positive offset of +0.4507, it is insufficient to compensate for the solute's hydrogen-bond donor profile of -0.1205. This disparity confirms poor compatibility between the polar solute and the donor-deficient chlorinated solvent.

The dissolution mechanism is solute-limited, characterized by high internal cohesion and a thermal environment 2.04σ below the mean. At 273.00 K, insufficient thermal energy fails to disrupt the molecular lattice, while the high polar surface area of 149.6 indicates reliance on polar interactions or zwitterionic stabilization. Mechanistically, the energy gain from solvent-solute surface interactions is lower than the energy required to liberate the solute from its molecular lattice.

Prediction reliability is characterized by a high standard deviation of 72.0 across decision trees, indicating a complex, non-linear reasoning process. Conflicting signals exist between the positive contribution of the solvent's electronic surface area and the negative pressure from the solute's high polar surface area. Although the poorly soluble classification is consistent with the evidence, the specific LogS value results from balancing these divergent electronic and thermal signals."
CCn1cc(C(=O)O)c(=O)c2cc(F)c(N3CCN(C)CC3)cc21,CCCCCCCCO,293.0,-1.7497847972286689,"The model predicts a LogS of -1.7498 at 293K, classifying the solute as moderately soluble in 1-octanol. This result is primarily driven by solute-specific properties, where high topological complexity (-0.1993) and significant polar surface area (-0.0858) act as the dominant inhibitors. While intrinsic lipophilicity provides a moderate positive contribution (+0.1149), it is insufficient to overcome the negative pressure exerted by the rigid, fused bicyclic architecture (-0.0710).

Electronic and structural mismatches between the solute and the long-chain aliphatic octanol environment are evidenced by high cross-attention between structural flexibility and polar surface area (0.3195). Interactions between partial charges and flexibility (0.2641), alongside halogen groups and rotatable bonds (0.3173), indicate that specific solvent reorganization is required but hindered by the solvent's nature. This incompatibility is further highlighted by the negative impact of the heterocyclic count (-0.0448), suggesting the solvent cannot effectively stabilize these structural elements.

Dissolution is solute-limited due to a rigid, heterocyclic core that creates a high energy barrier for solvation. While lipophilicity (+0.1149) facilitates mixing with the hydrophobic octanol tail, the high polar surface area remains poorly solvated by the solvent's single hydroxyl group. The thermodynamic state at 293K imposes a consistent drag, with temperature (-0.0786) and its inverse (-0.0698) indicating suboptimal thermal energy to disrupt molecular stability and promote mixing.

The prediction is supported by consistent negative signals from multiple structural features, though a conflict exists between solubility-aiding lipophilicity and solubility-hindering structural rigidity. Sensitivity to the specific orientation of fluorine and piperazine groups suggests that electronic distribution and flexibility are critical model parameters. The negative contributions from both temperature variables indicate a potentially non-linear thermodynamic response, introducing uncertainty if conditions deviate from 293K."
COc1ccc2c(c1)c(CC(=O)O)c(C)n2C(=O)c1ccc(Cl)cc1,CCCCCC,298.0,-2.2809119024174143,"The model predicts a LogS of -2.2809 at 298 K, classifying the solute as moderately soluble in hexane. This outcome is primarily driven by the solvent's electronic environment (contribution: -0.2624) and the solute's high topological complexity (contribution: -0.1831), which act as dominant inhibitors. Although the solute's high lipophilicity of 3.92 provides a modest positive contribution of +0.1262, it is insufficient to offset significant penalties derived from structural and polar characteristics.

Solubility hinges on a fundamental mismatch between the solute's polar functional groups and the nonpolar, aliphatic nature of the solvent. Analysis highlights a strong interaction between solute flexibility and the solvent's lack of polar surface area (weight: 0.3228), alongside a focus on solute acidity relative to the solvent's low dipolarity (weight: 0.2633). These patterns indicate that the solvent cannot provide necessary electronic stabilization for the solute's carboxylic acid and amide moieties, resulting in the observed solubility limit.

The dissolution process is governed by the high energetic cost of solvating a complex, bicyclic organic acid within a purely hydrophobic carbon chain. While the solute's aromatic systems and chlorine atom align with the solvent's lipophilicity, the solute's polar surface area (contribution: -0.09) and intricate structural arrangement create a negative synergy with the solvent's electronic state (partial charge: -0.26). This suggests that internal cohesive forces of the solute crystal or a lack of favorable dipole-induced dipole interactions prevent higher solubility.

The model demonstrates high variability in its decision path (Std: 72.4 across 2,997 trees), indicating the prediction is an aggregate of subtle structural mismatches. A significant tension exists because the solvent's lipophilicity is exceptionally high at 2.58 (2.49σ above the mean), which typically favors organic solutes. However, the model prioritizes electronic and complexity penalties to suppress the final value, suggesting the identification of functional group incompatibility is reliable despite the overall hydrophobic character of both species."
O=[N+]([O-])c1ccc(S(=O)(=O)Nc2nccs2)cc1,CCCCCCCCO,298.0,-2.0787599288226604,"The model predicts a LogS of -2.0788 at 298 K, classifying the solute as moderately soluble. This prediction is primarily dictated by solute-specific properties, specifically a high topological polar surface area (TPSA = 102.2) and excess molar refractivity, which contribute negative values of -0.2490 and -0.0871, respectively. These polar and electronic penalties are only partially offset by the solute’s moderate lipophilicity (MolLogP = 1.85), which provides a countervailing positive contribution of +0.1089.

Solute-solvent compatibility is hindered by a mismatch between the solute's dense polar functional groups and the solvent's long-chain lipophilic structure. Cross-attention weights highlight the interaction between the solvent’s conformational flexibility and the solute’s polar surface area (0.4702), as well as the solute's hydrogen-bonding capacity against the solvent's hydrogen-bond basicity (0.2958). These interactions suggest the solvent's single hydroxyl group is insufficient to stabilize the solute's nitro and sulfonamide moieties.

The dissolution process is solvent-limited, as the solvent's high molecular weight and lipophilicity (both >2σ above the dataset mean) render it too nonpolar to effectively solvate the high-TPSA solute. High polarizability and electronic distribution within the solute's rigid, electron-deficient aromatic system require a more polar environment to overcome internal cohesive forces. While the solvent's lipophilic nature provides minor stabilization for the benzene ring, the overall electronic mismatch serves as a definitive barrier to solubility.

Model confidence is tempered by a high standard deviation in the decision path (73.9 relative to a mean of 135.1), indicating internal tension between conflicting features. The solvent is a statistical outlier in terms of lipophilicity and size, introducing uncertainty into the balance between dispersion forces and polar penalties. Although the negative trend is consistent, the high variance reflects a complex trade-off between the solute's lipophilic stabilization and its significant polar surface area requirements."
O=S(=O)(Nc1ccc(Cl)cc1)c1ccccc1,CCCCCC,298.0,-1.7486119090953207,"The model predicts a LogS of -1.7486 at 298 K, classifying the solute as moderately soluble in hexane. This prediction is primarily driven by the solvent category, specifically the electronic distribution, which contributes a significant negative value of -0.2715. This inhibitory effect is partially offset by positive contributions from the solute's polar surface area (+0.2064) and inherent lipophilicity (+0.1115).

Solute-solvent dynamics reveal a fundamental mismatch between the polar, aromatic solute and the nonpolar, aliphatic solvent. A critical interaction exists between the solute's negative charge regions and the solvent's minimal polar surface area (0.3487), indicating an inability to stabilize the polar sulfonamide bridge. Additionally, the relationship between the solute's conformational flexibility and the solvent's surface characteristics (0.2622) suggests the hexane environment fails to effectively accommodate the rigid aromatic structure.

The dissolution mechanism is solvent-limited, as the solute's lipophilic potential (+0.1115) is neutralized by electronic incompatibility with the hexane. The secondary amine group (-0.0655) necessitates hydrogen bond stabilization that the hydrophobic solvent (LogP 2.5866) cannot provide. Consequently, the solute's polar hotspots are energetically penalized, preventing the high solubility that its bulk lipophilicity might otherwise suggest.

Prediction reliability is characterized by moderate uncertainty, with a standard deviation of 72.6 against a mean of 113.1 across internal decision paths. This variance stems from conflicting signals between favorable bulk properties and an unfavorable solvent electronic profile. While the moderately soluble classification aligns with the chemical mismatch, the specific LogS value reflects a complex trade-off between these competing molecular features."
O=C1CC(c2ccc(O)cc2)Oc2cc(O)cc(O)c21,CCCCCC,328.0,-1.7897115641754224,"The model predicts a LogS of -1.7897 at 328.00 K, classifying the solute as moderately soluble. The dominant driver category is the thermal environment (+0.3365), while the most influential molecular properties are the solute's lipophilicity (MolLogP: +0.1141) and polar surface area (TPSA: -0.2560). These positive influences are countered by the solvent's extreme lipophilicity of 2.5866, which resides 2.49σ above the typical range.

Cross-attention weights reveal a severe compatibility mismatch between the polar, hydrogen-bonding solute and the non-polar hydrocarbon solvent. This conflict is driven by the solute's hydrogen-bond acidity interacting with a solvent that lacks hydrogen-bond basicity. Because the linear alkane solvent cannot stabilize the solute's three phenolic hydroxyl groups, the model assigns significant penalties via the solvent's maximum partial charge (-0.1770) and the solute's NHOH count (-0.0604).

The dissolution process is interaction-limited, governed by a struggle between kinetic energy and chemical incompatibility. While the high temperature helps overcome internal cohesive forces, the bicyclic feature contribution (-0.1085) and high polar surface area are poorly accommodated by the simple aliphatic geometry of the solvent. The negative contribution from the solute's polar architecture indicates an unfavorable enthalpy of solvation, as the solvent cannot form the necessary dipole-dipole interactions to offset the cost of cavity formation.

The explanation is tempered by a high degree of model uncertainty, indicated by a leaf path standard deviation of 72.4. While the temperature effect is clear, the prediction of moderate solubility for a tri-hydroxy compound in a pure alkane may be optimistic. The model appears to be balancing the extreme outlier status of the solvent's lipophilicity against the strong kinetic boost of 328.00 K, leading to a complex trade-off in the final value."
CCn1cc(C(=O)O)c(=O)c2cc(F)c(N3CCNC(C)C3)c(F)c21,CCCCCCCCO,293.0,-1.9146763694479316,"A predicted LogS of -1.9147 at 293 K classifies the solute as moderately soluble in 1-octanol. This outcome is primarily driven by the solute category, specifically high topological complexity (-0.1901) and a rigid bicyclic architecture (-0.0656) which act as dominant inhibitors. Although moderate lipophilicity (+0.1167) provides a slight positive contribution, it is insufficient to overcome the energetic cost of liberating the molecule from its solid state.

Solute-solvent dynamics reveal a critical mismatch between solute electronic features and solvent physical structure, evidenced by a 0.4891 cross-attention weight between solute halogen atoms and solvent conformational flexibility. Despite the solvent being highly lipophilic at >2σ above the mean, its eight-carbon chain and negative charge-based descriptors fail to stabilize the solute's polar surface area of 74.57. Interaction logic indicates that the solvent's rotatable bonds cannot adequately accommodate the solute's dense array of polar and halogenated functional groups.

The dissolution mechanism is interaction-limited, defined by a complexity barrier where the solute's rigid, polar bicyclic core is poorly matched to the bulky, aliphatic solvent. At 293 K, temperature-related features contribute a combined negative signal of -0.144, indicating insufficient thermal energy to overcome the entropic penalty of organizing the octyl chain. Mechanistically, the solvent's single hydroxyl group cannot compensate for the solute's structural rigidity and the steric demands of its complex functionalization.

Grounded in consistent structural and flexibility analysis across 2,997 trees, the prediction maintains moderate confidence. A conflict exists in the like-dissolves-like logic, as high solvent lipophilicity acts as a negative driver due to steric bulk and mismatched electronic distribution. The moderate standard deviation of 68.6 in decision paths underscores the complex, multi-faceted interaction between solute halogens and solvent rotatable bonds."
Cc1ccc(N=C2NCCC3(CCCCC3)S2)cc1Cl,CCCCCC,293.0,-1.0904893598089465,"The model predicts a LogS of -1.0905 at 293K, classifying the substance as moderately soluble. Dissolution is primarily governed by solute properties, specifically the high lipophilicity (MolLogP 5.06) and polar surface area (TPSA 24.39), which yield a positive contribution of +0.34. These drivers are countered by the solvent's electronic environment, where the maximum partial charge serves as the most significant negative influence with a contribution of -0.2220.

Solute-solvent compatibility is characterized by significant cross-attention weights between the aromatic ring count and TPSA (0.3318), as well as MolLogP interactions with hydrogen bond donors (0.2511) and acceptors (0.2247). The non-polar alkane chain of the hexane solvent fails to provide favorable interaction sites for the solute's polar imine-thiazine bridge. This lack of compatibility, driven by the solvent's electronic characteristics, effectively hinders the dissolution process despite the solvent's high lipophilicity of 2.5866.

The dissolution mechanism is solvent-limited, as the electronic features of the medium suppress the positive influence of the solute's structural complexity and fraction of sp3-hybridized carbons (+0.0695). At 293K, the system lacks sufficient thermal energy, contributing -0.16, to overcome the unfavorable interactions between the polar center and the non-polar solvent. Furthermore, the rigid spiro-cyclohexane core increases lipophilic bulk without offering additional sites for solvent engagement, further impeding solubility.

Prediction confidence is moderated by a conflict between the high solvent lipophilicity (2.5866), which typically favors hydrophobic solutes, and the identified electronic constraints. Decision path statistics show a high standard deviation of 73.3 relative to a mean of 130.9, reflecting a complex and non-linear reasoning process. The resulting prediction is a delicate balance of competing structural nuances, remaining within the expected bounds of the model's multi-factorial analysis."
CCn1cc(C(=O)O)c(=O)c2cnc(N3CCNCC3)nc21,CCCCCCCCO,293.0,-2.6658142650146592,"The model predicts a LogS of -2.6658 at 293 K, classifying the solute as poorly soluble in 1-octanol. Solute properties represent the dominant driver category, accounting for 74% of the total signal. The most influential molecular properties are intrinsic lipophilicity (contribution -0.2477), a high polar surface area of 100.35 (contribution -0.2267), and structural complexity (contribution -0.1552). These factors create a significant barrier to dissolution that the solvent cannot overcome.

Cross-attention weights reveal a critical mismatch between the solute’s polar, amphoteric architecture and the solvent’s hydrophobic nature (LogP: 2.34). The model prioritized interactions between solute and solvent hydrogen bond acceptors (weight 0.3439) and the relationship between solute polarity and solvent basicity (weight 0.2957). Because the solvent’s eight-carbon chain provides a predominantly nonpolar environment, it fails to provide the necessary stabilization for the solute’s carboxylic acid and piperazine groups.

Dissolution is solute-limited due to high lattice energy associated with the rigid, bicyclic 1,8-naphthyridine core and zwitterionic character. Negative contributions from structural complexity and heterocyclic counts indicate strong intermolecular forces that resist solvation in a lipophilic medium. At 293 K, the combined negative temperature effect of -0.1544 suggests insufficient thermal energy to disrupt these interactions. Consequently, the solute's high polarity is penalized by a solvent that is a significant outlier in lipophilicity and molecular weight.

The explanation is highly reliable, as 9 of the top 10 features provide negative contributions, indicating a unified model vote. Solute properties account for 74% of the total signal, leaving little uncertainty in the poorly soluble classification. However, because the solvent is a statistical outlier more than 2 standard deviations above the mean for lipophilicity, the model may be sensitive to the lack of polar functional group density in the octyl chain."
COC(=O)Nc1nc2cc(Sc3ccccc3)ccc2[nH]1,OCCO,283.0,-2.5882436003937563,"The model predicts a LogS of -2.5882 at 283 K, classifying the solute as poorly soluble. This outcome is primarily driven by the solute's intrinsic properties, which constitute 76.5% of the total signal. High topological complexity (-0.2351) and secondary amine functional groups (-0.1547) serve as the most influential molecular properties, alongside thermal factors contributing a combined negative influence of -0.29.

Solute-solvent dynamics are characterized by a significant lipophilicity mismatch between the solute (LogP 3.89) and the polar solvent (LogP -1.02). A critical interaction with a weight of 0.4222 between the solute's electronic charge distribution and the solvent's compact diol structure suggests the solvent cannot effectively solvate the rigid benzimidazole scaffold. While the solvent's electronic properties offer a modest positive contribution of +0.1118, hydrogen-bonding interactions fail to overcome the hydrophobic nature of the sulfur-linked aromatic rings.

The dissolution mechanism is solute-limited, restricted by high internal lattice stability and structural bulk. High topological complexity and nitrogen-containing groups indicate the molecule remains tightly bound in the solid state, resisting solvation in polar media. This resistance is compounded by the lack of thermal energy at 283 K to disrupt intermolecular forces, ensuring that the solute's inherent lipophilicity overwhelms minor favorable electronic interactions.

Prediction reliability is high, supported by consistent downward pressure from nearly all major features and the 76.5% signal contribution from solute properties. Although the model identifies lipophilicity as a minor positive factor, this is statistically negated by the overwhelming negative impact of structural rigidity and low temperature. The alignment between structural, electronic, and thermal evidence confirms the poorly soluble prediction within expected model behavior."
Nc1ccc(O)c(C(=O)O)c1,ClC(Cl)(Cl)Cl,293.0,-1.857549419472901,"The model predicts a LogS of -1.8575, classifying the solute as moderately soluble. Solute properties represent the dominant driver category, specifically the high polar surface area (-0.2713) and significant hydrogen-bond donating capacity (-0.1199). These factors are poorly accommodated by the solvent, which exhibits extreme molecular weight and lipophilicity values exceeding 2σ above the mean. The negative influence of temperature and its inverse further indicates a thermal state that does not favor overcoming the solvation barrier.

Cross-attention analysis identifies a fundamental mismatch between the polar, tri-functional solute and the nonpolar, halogenated solvent. Solute size (0.4989) and the number of hydrogen-bond donors (0.4942) are highly sensitive to the solvent's halogen content, reflecting a lack of stabilizing interactions. The model penalizes the absence of coordination between the solute's acidic or phenolic groups and the inert carbon tetrachloride environment. Consequently, the solvent's extreme bulk and lipophilicity act as significant statistical penalties to the dissolution process.

Dissolution is interaction-limited because the solute's high hydrogen-bond acidity cannot be satisfied by a solvent lacking hydrogen-bond accepting sites. Although the solute's topological complexity (+0.0781) and specific spatial arrangement (+0.0655) provide minor positive contributions, they cannot overcome the energetic cost of placing a polar molecule into a bulky, lipophilic medium. The mechanism is defined by the inability of the solvent to provide necessary stabilizing sites for the solute's polar functional groups. This imbalance ensures that the energetic penalties of the solvent environment dominate the solubility outcome.

The prediction demonstrates high reliability as multiple features, including polar surface area, hydrogen-bond donor count, and solvent lipophilicity, consistently indicate a solubility-limiting mismatch. Identifying the solvent as a statistical outlier in bulk and lipophilicity adds further confidence to the predicted suppression of solubility. A slight positive signal from structural complexity features suggests the model recognizes the solute's inherent potential for interaction, despite these not being realized in the nonpolar environment. Overall, the explanation remains consistent with expected model behavior for highly mismatched solute-solvent systems."
O=P12OCC(CO)(CO1)CO2,CCCOCC(C)O,313.0,-1.3726751983292482,"The model predicts a LogS of -1.3727 at 313K (+0.1342), categorizing the solute as moderately soluble. The dominant driver category is the solute-solvent interaction, which carries the highest attention weight of 0.3075. Primary molecular influences include lipophilicity (-0.2472), topological complexity (+0.1159), and polar surface area configuration (-0.0996).

Cross-attention analysis identifies a significant mismatch between the solute’s electronic distribution and the solvent’s molecular size (0.3075). Although the model evaluates hydrogen-bonding capacity against solvent basicity (0.2651) and dipolarity (0.2574), the negligible interaction score (+0.0004) indicates no synergistic pairing. The solvent’s overall negative contribution (-0.2008) suggests its amphiphilic structure fails to effectively stabilize the rigid, polar phosphorus-based cage.

Dissolution is solute-limited by the rigid bicyclic framework, where a lipophilicity value of 0.1502 acts as a disproportionately strong barrier in the glycol ether. The negative impact of the polar surface area indicates that the fixed orientation of phosphoryl and hydroxyl groups does not align with the solvent’s ether-alcohol geometry. However, the positive contribution from topological complexity (+0.1159) suggests the compact, symmetrical cage provides sufficient structural integrity to prevent the molecule from falling into the poorly soluble range.

The prediction exhibits high uncertainty, with a standard deviation of 71.9 across the model’s decision trees. A notable conflict exists where the polar surface area acts as a negative driver, suggesting the model struggles to reconcile the unique phosphorus-centered cage with the branched solvent. These competing structural signals prevent a highly certain or uniform prediction path, indicating that the result lies within a region of high variability."
CC(C)(Oc1ccc(CCNC(=O)c2ccc(Cl)cc2)cc1)C(=O)O,CC(C)CCO,323.0,-1.0340421172571241,"The model predicts a LogS of -1.0340 at 323K, classifying the solute as moderately soluble. The primary driver category involves solute and temperature factors, where the 323K temperature contributes +0.2987 and a lipophilicity of LogP 3.55 adds +0.1352. These positive influences are significantly offset by high topological complexity (-0.1831) and the polar surface area (-0.0885), which act as the primary inhibitors.

Compatibility is driven by a high-intensity interaction (0.5779) between solute conformational flexibility and solvent polar surface area. This interaction reveals that rotatable bonds allow the solute's amide and carboxylic acid groups to orient toward the hydroxyl group of 3-methylbutan-1-ol. Secondary interactions involving solute hydrogen-bonding potential and solvent dipolarity and basicity further identify the alcohol terminus as the primary site of solvation, facilitating dissolution.

The dissolution mechanism is characterized as thermodynamically driven, requiring high thermal energy to overcome internal cohesion. The process is solute-limited, as the energy required to disrupt the molecular framework and crystal lattice outweighs the affinity for the solvent. While the hydrophobic aromatic framework is compatible with the branched aliphatic tail of the solvent, high structural complexity and specific polar functional groups act as anchors that resist dissolution.

Prediction reliability is supported by consistent thermodynamic data, though a standard deviation of 68.6 reflects a competitive balance between favorable and unfavorable factors. A notable conflict exists between the solute's general lipophilicity, which aids solubility, and its specific hydrogen-bond donors, which act as negative drivers. This tension suggests the prediction is sensitive to the exact energy balance between hydrophobic interactions and the desolvation of polar groups."
C=CC(=O)NC(C)(C)C,ClCCl,291.0,-0.976945329809005,"The model predicts a LogS of -0.9769 at 291K, placing the molecule in the highly soluble category. Solute intrinsic properties represent the dominant driver category at 54.8% of the prediction signal. The most influential molecular properties are the polar surface area (+0.1859), topological complexity (+0.1009), and a lipophilicity (LogP) of 1.0871, with temperature exerting a negative influence (SHAP -0.0715).

Solute-solvent dynamics are defined by favorable interactions between the acryloyl electronic pi-systems and the halogenated nature of the dichloromethane solvent (0.3158). Additional compatibility arises from solvent dipolarity (0.2738), which interacts with the acryloyl group and amide dipole. While these interactions support dissolution, the solvent's contribution is secondary to the solute's own structural features.

The dissolution mechanism is primarily solute-limited, driven by heteroatom count (+0.0700), polar surface area, and a hydrogen bond donor (+0.0195). Solubility is hindered by the bulky tert-butyl group and a specific secondary amide motif (-0.0503). At 291K, the thermal environment exerts a combined negative pressure of -0.1379 from T and T_inv, which prevents the transition to a very highly soluble state.

Model statistics reveal a standard deviation in decision paths of 69.1, suggesting a degree of uncertainty in the prediction. There is a significant conflict between the positive influence of general polarity (TPSA) and the negative pressure exerted by the secondary amide fragment and lipophilicity. The final output reflects the model balancing the polar amide core against hydrophobic and sterically hindered aliphatic regions."
O=C(Nc1ccccc1)c1ccccc1,ClCCl,308.0,-0.7864978696000703,"The model predicts a LogS of -0.7865 at 308.00 K, classifying the solute as highly soluble. Solute intrinsic properties represent the dominant driver category, accounting for 51.8% of the total predictive signal. Solubility is primarily enhanced by the solute's polar surface area (+0.1568) and lipophilicity (+0.0789), which facilitate bridging between the polar amide core and hydrophobic aromatic rings. The thermodynamic environment further supports dissolution with a positive contribution of +0.0880.

Solute-solvent compatibility is defined by high cross-attention between solute size and solvent hydrogen bonding potential (0.3033). The solvent’s maximum partial charge (+0.0987) stabilizes the solute's amide bridge, though this is partially offset by a mismatch in solvent hydrogen bond basicity (-0.0577). This negative force specifically targets the solute's amide NH group, indicating that while the solvent provides stabilization, its basicity remains a minor limiting factor.

The dissolution mechanism is primarily solute-limited, as intrinsic features dictate the majority of the predictive outcome. While the polar amide core promotes interaction with the solvent, the process is hindered by the solute's excess molar refractivity (-0.0913) and specific amide-related structural features (-0.0512). These negative contributions reflect the inhibitory effects of aromatic bulk and high refractivity on the overall solubility profile, rendering the solvent's role secondary.

Model reliability is impacted by significant internal conflict, evidenced by a high standard deviation in leaf distribution of 72.0 relative to a mean of 99.2. This variance stems from a tension between the positive influence of general polarity and the negative impacts of solute polarizability and volume. Although the final prediction indicates high solubility, these competing signals suggest the outcome is highly sensitive to minor variations in the solute's electronic structure."
O=C(O)CCC(=O)O,CC(=O)O,304.0,-0.6015223667858574,"The substance is classified as highly soluble at 304.00 K with a predicted LogS of -0.6015. Solute intrinsic properties dominate the prediction at 98.3% of the signal, primarily driven by negative pressures from the lipophilicity profile (-0.2155) and polar surface area (-0.0580). These effects are partially offset by positive contributions from topological complexity (+0.0884) and molecular shape features (+0.0813).

Solute-solvent compatibility is governed by electrostatic matching, specifically the alignment of local charge densities (0.2948) and the balance between molecular size and lipophilicity (0.2790). A favorable size-based fit exists between the small, polar carboxylic acid solute and solvent. Solvent characteristics contribute minimally to the final value, as the model prioritizes solute functional density within this polar system.

Dissolution is solute-limited, featuring a logP paradox where the hydrophilic partition coefficient (-0.0642) acts as the primary deterrent (-0.2155) due to the energetic cost of disrupting a stable crystalline lattice. Additional penalties arise from hydrogen-bonding acidity (-0.0484) and polar surface area. Structural complexity and polarizability (+0.0778) mitigate these factors, suggesting that dispersion forces and entropic molecular shape factors facilitate the process.

Reliability is impacted by a high standard deviation in decision paths (71.7) relative to the mean, indicating significant internal conflict. While the prediction aligns with solute-solvent chemical similarity, the 98.3% reliance on solute-only features may underrepresent synergistic hydrogen-bonding networks. The tension between polarity penalties and structural complexity signals suggests a non-linear relationship between functional group density and solubility."
O=C(O)c1ccccc1,CCCCCCCC,343.0,-0.19194572235672908,"The model predicts a LogS of -0.1919 at a system temperature of 343K, classifying the solute as highly soluble. This result is primarily driven by the solute and system categories, specifically the polar surface area (+0.275) and the high temperature (+0.184), which provide the thermodynamic energy required to overcome the solvent's unfavorable electronic environment. These molecular properties are the dominant drivers, facilitating dissolution despite the inherent polarity mismatch between the components.

A significant compatibility mismatch exists between the polar solute and the highly nonpolar solvent, which possesses a lipophilicity (MolLogP 3.37) more than 3 standard deviations above the mean. This is mitigated by a strong interaction between the solute’s aromatic structure and its polar surface area (0.3433 weight), indicating that the molecule's amphiphilic nature stabilizes the polar group within the hydrocarbon medium. The solvent's electronic distribution (MaxPartialCharge -0.232) creates a negative drag that is effectively countered by these specific solute-solvent interactions.

The dissolution mechanism is interaction-limited and dominated by the extreme temperature of 343K, which disrupts the solute's crystalline lattice and compensates for the solvent's lack of hydrogen-bonding sites. Integration into the octane backbone is facilitated by the solute’s lipophilic character (+0.0707) and topological complexity, allowing for high solubility despite the polar-nonpolar disparity. These features collectively enable the solute to overcome the solvent's electronic resistance and integrate into the nonpolar medium.

The prediction is consistent with thermodynamic principles, but the high temperature acts as a critical pivot and potential outlier for the model. A moderate variance in internal decision paths (69.6) suggests uncertainty in how the solute's heteroatom count and structural complexity are weighed against the aggressively nonpolar solvent environment. While the prediction aligns with chemical logic, the extreme thermal and polarity conditions represent a significant challenge to the model's standard decision-making process."
O=C(O)Cc1ccc([N+](=O)[O-])cc1,CC(=O)N(C)C,283.0,0.2126496196014892,"The model predicts a LogS of 0.2126 at 283K, classifying the solute as very highly soluble in N,N-dimethylacetamide. The solute group is the dominant driver category, accounting for 46.8% of the signal. The solvent’s electronic surface area (+0.36) is the primary individual promoter, while the solute's polar surface area (-0.15) and the low temperature (-0.23) act as the main inhibitors.

Compatibility is governed by cross-attention between molecular flexibility and polarity (0.35) and the interplay between molecular size and hydrogen bonding capacity (0.31). A near-zero interaction score of +0.0004 indicates the model treats this pair as an additive combination of independent properties rather than a system defined by a unique structural fit. The solvent's role as a potent hydrogen bond acceptor, quantified by its electronic surface area contribution of +0.36, effectively complements the solute's carboxylic acid donor.

The dissolution mechanism is solute-limited, as the solvent's specific charge distribution must overcome the solute's polar resistance. The tertiary amide structure of the solvent provides a favorable electronic environment that stabilizes the solute's rigid aromatic core and polar substituents. These electronic properties drive solubility by counteracting energetic penalties associated with the solute's polarity and the relatively low thermal energy of the system.

Significant uncertainty is evidenced by high variability across the model's decision trees, with a standard deviation of 73.7. This high variance suggests the model is balancing conflicting signals between the positive influence of electronic features and the negative impacts of the solute's polar surface area and low temperature. The prediction of very high solubility is grounded in the electronic profile but remains a delicate balance of opposing chemical forces."
CCCCCCCCCCCCCCCc1cccc(O)c1,ClC(Cl)(Cl)Cl,293.0,0.2513155796400608,"The model predicts a LogS of 0.2513, classifying the substance as very highly soluble based on dominant solute-specific drivers. Extreme lipophilicity (MolLogP = 7.03) and topological polar surface area (TPSA = 20.23) contribute positive values of +0.1612 and +0.2359, respectively. Although temperature and its inverse exert a combined negative pressure of -0.1477, the solute's lipophilicity, positioned 2.44 standard deviations above the mean, remains the primary signal for high solubility.

Solute-solvent dynamics are governed by the interaction between the solute’s electronic polarizability (weight 0.4987) and the solvent’s high halogen content. The model prioritizes the relationship between the solute's aromatic ring count (weight 0.4613) and the perchlorinated nature of the carbon tetrachloride solvent. These cross-attention signals indicate that dispersion forces and pi-halogen interactions are the dominant forces facilitating the solute's integration into the nonpolar solvent matrix.

The dissolution mechanism follows a like-dissolves-like pattern where the solute's 15-carbon hydrophobic tail and aromatic core find a favorable environment in the nonpolar carbon tetrachloride. This interaction-driven process is characterized by high topological complexity and extreme lipophilicity (2.44σ) that overwhelm the negative pressure of temperature. The solute's large, greasy structure and structural affinity for the solvent matrix are the primary drivers of the predicted outcome.

Prediction reliability is tempered by a high standard deviation in the model's decision paths (73.0 relative to a mean of 115.9), indicating fragmented logic across the ensemble. Conflicting signals exist between the negative pressure of temperature (-0.1477) and the positive influence of extreme lipophilicity (2.44σ). As both the solute and solvent (3.25σ molecular weight) are significant outliers, the model is navigating an extreme area of chemical space where the qualitative trend is more stable than the quantitative value."
